SampleDate,Site,Zone,SamplingPoint,VegetationOpen,FloatingChamberDepth,DissolvedCH4,pH,Conductivity,TDS,HP_WaterTemp,Pressure,DO,HOBO_DailyAirTemp,HOBO_DailyBotWaterTemp,HOBO_DailySurfWaterTemp,HOBO_DailySedTemp,HOBO_3DayAirTemp,HOBO_3DayBotWaterTemp,HOBO_3DaySurfWaterTemp,HOBO_3DaySedTemp,HOBO_7DayAirTemp,HOBO_7DayBotWaterTemp,HOBO_7DaySurfWaterTemp,HOBO_7DaySedTemp
2025-07-14,1AO,1,A,Open,NA,110,8.49,905,452,19.23,NA,115.6,21.16795455,19.04920588,19.45533333,18.39931818,21.16795455,19.04920588,19.45533333,18.39931818,21.16795455,19.04920588,19.45533333,18.39931818
2025-07-14,1AV,1,A,Vegetated,NA,184,8.49,909,454,20.53,NA,113.7,21.16795455,19.04920588,19.25209091,18.20118182,21.16795455,19.04920588,19.25209091,18.20118182,21.16795455,19.04920588,19.25209091,18.20118182
2025-07-14,1BO,1,B,Open,NA,204,8.5,903,452,19.14,95,118.3,21.16795455,19.04920588,19.45533333,18.39931818,21.16795455,19.04920588,19.45533333,18.39931818,21.16795455,19.04920588,19.45533333,18.39931818
2025-07-14,1BV,1,B,Vegetated,NA,108,8.5,907,454,19.35,94.99,113.6,21.16795455,19.04920588,19.25209091,18.20118182,21.16795455,19.04920588,19.25209091,18.20118182,21.16795455,19.04920588,19.25209091,18.20118182
2025-07-14,1CO,1,C,Open,NA,148,8.49,903,452,18.77,94.95,115.8,21.16795455,19.04920588,19.45533333,18.39931818,21.16795455,19.04920588,19.45533333,18.39931818,21.16795455,19.04920588,19.45533333,18.39931818
2025-07-14,1CV,1,C,Vegetated,NA,260,8.49,904,452,19.04,94.95,115.5,21.16795455,19.04920588,19.25209091,18.20118182,21.16795455,19.04920588,19.25209091,18.20118182,21.16795455,19.04920588,19.25209091,18.20118182
2025-07-14,2AO,2,A,Open,NA,1380,8.45,908,454,20.69,NA,117.9,21.16795455,19.04920588,19.45533333,18.39931818,21.16795455,19.04920588,19.45533333,18.39931818,21.16795455,19.04920588,19.45533333,18.39931818
2025-07-14,2AV,2,A,Vegetated,NA,NA,8.32,911,455,21.09,94.44,114.2,21.16795455,19.04920588,19.25209091,18.20118182,21.16795455,19.04920588,19.25209091,18.20118182,21.16795455,19.04920588,19.25209091,18.20118182
2025-07-14,2BO,2,B,Open,NA,848,8.46,909,454,20.93,NA,124.1,21.16795455,19.04920588,19.45533333,18.39931818,21.16795455,19.04920588,19.45533333,18.39931818,21.16795455,19.04920588,19.45533333,18.39931818
2025-07-14,2BV,2,B,Vegetated,NA,612,8.47,905,452,20.94,NA,121.3,21.16795455,19.04920588,19.25209091,18.20118182,21.16795455,19.04920588,19.25209091,18.20118182,21.16795455,19.04920588,19.25209091,18.20118182
2025-07-14,2CO,2,C,Open,NA,375,8.51,900,449,19.7,NA,127.5,21.16795455,19.04920588,19.45533333,18.39931818,21.16795455,19.04920588,19.45533333,18.39931818,21.16795455,19.04920588,19.45533333,18.39931818
2025-07-14,2CV,2,C,Vegetated,NA,146,8.48,905,454,20.42,NA,122.4,21.16795455,19.04920588,19.25209091,18.20118182,21.16795455,19.04920588,19.25209091,18.20118182,21.16795455,19.04920588,19.25209091,18.20118182
2025-07-16,3AO,3,A,Open,46,229,8.51,896,448,19.04,93.97,115.9,20.861125,19.47516667,20.03680556,18.945,21.1935404,19.281189,19.89057407,18.61646717,21.1935404,19.281189,19.89057407,18.61646717
2025-07-16,3AV,3,A,Vegetated,73,289,8.5,897,448,19.08,93.97,114.9,20.861125,19.47516667,19.98391667,19.07872222,21.1935404,19.281189,19.75443771,18.64699579,21.1935404,19.281189,19.75443771,18.64699579
2025-07-16,3BO,3,B,Open,75,206,8.53,892,446,18.75,93.98,120.3,20.861125,19.47516667,20.03680556,18.945,21.1935404,19.281189,19.89057407,18.61646717,21.1935404,19.281189,19.89057407,18.61646717
2025-07-16,3BV,3,B,Vegetated,41,275,8.5,899,449,18.87,93.98,119.2,20.861125,19.47516667,19.98391667,19.07872222,21.1935404,19.281189,19.75443771,18.64699579,21.1935404,19.281189,19.75443771,18.64699579
2025-07-16,3CO,3,C,Open,72,235,8.53,899,449,18.97,94.02,120.8,20.861125,19.47516667,20.03680556,18.945,21.1935404,19.281189,19.89057407,18.61646717,21.1935404,19.281189,19.89057407,18.61646717
2025-07-16,3CV,3,C,Vegetated,48,184,8.51,900,450,18.83,94.02,115.6,20.861125,19.47516667,19.98391667,19.07872222,21.1935404,19.281189,19.75443771,18.64699579,21.1935404,19.281189,19.75443771,18.64699579
2025-07-18,1AO,1,A,Open,47,255,8.49,904,452,22.11,93.41,109.6,19.94683333,19.85138889,19.90022222,19.19904167,20.09340278,19.56982407,19.87237963,18.97686111,20.59994091,19.41557451,19.85041111,18.76699697
2025-07-18,1AV,1,A,Vegetated,50,396,8.46,906,453,22.2,93.3,107.1,19.94683333,19.85138889,20.32833333,18.89102778,20.09340278,19.56982407,20.09959259,18.86194444,20.59994091,19.41557451,19.91563485,18.6896197
2025-07-18,1BO,1,B,Open,65,388,8.54,899,449,22.24,93.5,126.3,19.94683333,19.85138889,19.90022222,19.19904167,20.09340278,19.56982407,19.87237963,18.97686111,20.59994091,19.41557451,19.85041111,18.76699697
2025-07-18,1BV,1,B,Vegetated,35,258,8.54,901,450,22.84,93.52,117.1,19.94683333,19.85138889,20.32833333,18.89102778,20.09340278,19.56982407,20.09959259,18.86194444,20.59994091,19.41557451,19.91563485,18.6896197
2025-07-18,1CO,1,C,Open,52,207,8.54,899,450,21.8,93.53,124.3,19.94683333,19.85138889,19.90022222,19.19904167,20.09340278,19.56982407,19.87237963,18.97686111,20.59994091,19.41557451,19.85041111,18.76699697
2025-07-18,1CV,1,C,Vegetated,35,206,8.54,897,449,22.06,93.53,115.2,19.94683333,19.85138889,20.32833333,18.89102778,20.09340278,19.56982407,20.09959259,18.86194444,20.59994091,19.41557451,19.91563485,18.6896197
2025-07-18,2AO,2,A,Open,5,192,8.52,897,448,19.32,93.49,114.8,19.94683333,19.85138889,19.90022222,19.19904167,20.09340278,19.56982407,19.87237963,18.97686111,20.59994091,19.41557451,19.85041111,18.76699697
2025-07-18,2AV,2,A,Vegetated,47,310,8.54,894,447,19.43,93.5,115.1,19.94683333,19.85138889,20.32833333,18.89102778,20.09340278,19.56982407,20.09959259,18.86194444,20.59994091,19.41557451,19.91563485,18.6896197
2025-07-18,2BO,2,B,Open,50,303,8.53,896,448,19.03,93.52,112.3,19.94683333,19.85138889,19.90022222,19.19904167,20.09340278,19.56982407,19.87237963,18.97686111,20.59994091,19.41557451,19.85041111,18.76699697
2025-07-18,2BV,2,B,Vegetated,44,521,8.48,900,450,19.03,93.5,109.9,19.94683333,19.85138889,20.32833333,18.89102778,20.09340278,19.56982407,20.09959259,18.86194444,20.59994091,19.41557451,19.91563485,18.6896197
2025-07-18,2CO,2,C,Open,60,202,8.52,897,448,18.56,93.45,108.6,19.94683333,19.85138889,19.90022222,19.19904167,20.09340278,19.56982407,19.87237963,18.97686111,20.59994091,19.41557451,19.85041111,18.76699697
2025-07-18,2CV,2,C,Vegetated,44,368,8.51,898,449,18.59,93.35,108.6,19.94683333,19.85138889,20.32833333,18.89102778,20.09340278,19.56982407,20.09959259,18.86194444,20.59994091,19.41557451,19.91563485,18.6896197
2025-07-18,3AO,3,A,Open,79,343,8.51,901,451,20.72,93.7,110.7,19.94683333,19.85138889,19.90022222,19.19904167,20.09340278,19.56982407,19.87237963,18.97686111,20.59994091,19.41557451,19.85041111,18.76699697
2025-07-18,3AV,3,A,Vegetated,66,361,8.51,901,450,20.79,93.66,111.2,19.94683333,19.85138889,20.32833333,18.89102778,20.09340278,19.56982407,20.09959259,18.86194444,20.59994091,19.41557451,19.91563485,18.6896197
2025-07-18,3BO,3,B,Open,71,537,8.5,898,449,19.95,93.45,111.9,19.94683333,19.85138889,19.90022222,19.19904167,20.09340278,19.56982407,19.87237963,18.97686111,20.59994091,19.41557451,19.85041111,18.76699697
2025-07-18,3BV,3,B,Vegetated,50,319,8.5,901,450,20.1,93.45,110.3,19.94683333,19.85138889,20.32833333,18.89102778,20.09340278,19.56982407,20.09959259,18.86194444,20.59994091,19.41557451,19.91563485,18.6896197
2025-07-18,3CO,3,C,Open,71,227,8.51,900,450,20.31,93.53,111.8,19.94683333,19.85138889,19.90022222,19.19904167,20.09340278,19.56982407,19.87237963,18.97686111,20.59994091,19.41557451,19.85041111,18.76699697
2025-07-18,3CV,3,C,Vegetated,53,308,8.51,897,448,20.42,93.51,110.7,19.94683333,19.85138889,20.32833333,18.89102778,20.09340278,19.56982407,20.09959259,18.86194444,20.59994091,19.41557451,19.91563485,18.6896197
2025-07-27,3AO,3,A,Open,NA,470,7.45,882,441,18.56,94.16,105.4,18.99325,19.34561111,19.42016667,18.81025,19.12218056,19.40640741,19.46289815,18.87766667,19.87089881,20.2005754,20.2580873,19.60232143
2025-07-27,3AV,3,A,Vegetated,NA,616,7.49,882,441,18.57,94.16,105.8,18.99325,19.34561111,19.61147222,18.47866667,19.12218056,19.40640741,19.57163889,18.41084259,19.87089881,20.2005754,20.39513889,19.25935714
2025-07-27,3BO,3,B,Open,NA,492,7.26,884,441,18.45,94.12,104.3,18.99325,19.34561111,19.42016667,18.81025,19.12218056,19.40640741,19.46289815,18.87766667,19.87089881,20.2005754,20.2580873,19.60232143
2025-07-27,3BV,3,B,Vegetated,NA,612,7.29,882,441,18.39,94.3,104.8,18.99325,19.34561111,19.61147222,18.47866667,19.12218056,19.40640741,19.57163889,18.41084259,19.87089881,20.2005754,20.39513889,19.25935714
2025-07-27,3CO,3,C,Open,NA,435,7.36,876,438,18.33,94.02,104.3,18.99325,19.34561111,19.42016667,18.81025,19.12218056,19.40640741,19.46289815,18.87766667,19.87089881,20.2005754,20.2580873,19.60232143
2025-07-27,3CV,3,C,Vegetated,NA,491,7.5,883,442,18.28,93.97,102.3,18.99325,19.34561111,19.61147222,18.47866667,19.12218056,19.40640741,19.57163889,18.41084259,19.87089881,20.2005754,20.39513889,19.25935714
2025-07-28,1AO,1,A,Open,NA,720,7.28,885,443,19.36,94.52,111.1,20.81375,19.68169444,20.13366667,18.86595833,19.939125,19.57313889,19.81783333,18.88830556,19.78617857,20.02895635,20.12629365,19.41141071
2025-07-28,1AV,1,A,Vegetated,NA,744,7.29,885,443,19.98,94.53,107.6,20.81375,19.68169444,20.02219444,18.22225,19.939125,19.57313889,19.87448148,18.36941667,19.78617857,20.02895635,20.20769048,19.02253968
2025-07-28,1BO,1,B,Open,NA,577,7.22,885,442,19.05,94.42,113.3,20.81375,19.68169444,20.13366667,18.86595833,19.939125,19.57313889,19.81783333,18.88830556,19.78617857,20.02895635,20.12629365,19.41141071
2025-07-28,1BV,1,B,Vegetated,NA,647,7.27,875,442,19.13,94.42,109.8,20.81375,19.68169444,20.02219444,18.22225,19.939125,19.57313889,19.87448148,18.36941667,19.78617857,20.02895635,20.20769048,19.02253968
2025-07-28,1CO,1,C,Open,NA,482,7.34,885,443,18.66,94.21,111.4,20.81375,19.68169444,20.13366667,18.86595833,19.939125,19.57313889,19.81783333,18.88830556,19.78617857,20.02895635,20.12629365,19.41141071
2025-07-28,1CV,1,C,Vegetated,NA,694,7.43,874,437,18.84,94.6,111.7,20.81375,19.68169444,20.02219444,18.22225,19.939125,19.57313889,19.87448148,18.36941667,19.78617857,20.02895635,20.20769048,19.02253968
2025-07-28,2AO,2,A,Open,NA,587,7.5,886,443,20.27,94.2,115.8,20.81375,19.68169444,20.13366667,18.86595833,19.939125,19.57313889,19.81783333,18.88830556,19.78617857,20.02895635,20.12629365,19.41141071
2025-07-28,2AV,2,A,Vegetated,NA,557,7.46,886,443,20.75,94.18,117.2,20.81375,19.68169444,20.02219444,18.22225,19.939125,19.57313889,19.87448148,18.36941667,19.78617857,20.02895635,20.20769048,19.02253968
2025-07-28,2BO,2,B,Open,NA,538,7.55,879,439,20.99,94.27,119.8,20.81375,19.68169444,20.13366667,18.86595833,19.939125,19.57313889,19.81783333,18.88830556,19.78617857,20.02895635,20.12629365,19.41141071
2025-07-28,2BV,2,B,Vegetated,NA,630,7.56,859,431,22.02,94.3,136.4,20.81375,19.68169444,20.02219444,18.22225,19.939125,19.57313889,19.87448148,18.36941667,19.78617857,20.02895635,20.20769048,19.02253968
2025-07-28,2CO,2,C,Open,NA,676,7.61,884,442,21.17,94.58,121.6,20.81375,19.68169444,20.13366667,18.86595833,19.939125,19.57313889,19.81783333,18.88830556,19.78617857,20.02895635,20.12629365,19.41141071
2025-07-28,2CV,2,C,Vegetated,NA,777,7.56,886,443,21.54,94.58,118.4,20.81375,19.68169444,20.02219444,18.22225,19.939125,19.57313889,19.87448148,18.36941667,19.78617857,20.02895635,20.20769048,19.02253968
2025-08-02,1AO,1,A,Open,69,510,8,879,449,21.28,94.2,110.3,22.87279167,21.74519444,22.04336111,20.6355,22.72286111,21.79212963,22.17425926,20.63176389,21.80727976,20.85692857,21.24927778,19.8816131
2025-08-02,1AV,1,A,Vegetated,56,567,7.62,873,436,21.16,94.2,108.4,22.87279167,21.74519444,21.92575,20.31413889,22.72286111,21.79212963,22.08488889,20.45721296,21.80727976,20.85692857,21.19525397,19.56047222
2025-08-02,1BO,1,B,Open,91,472,7.81,879,440,21.04,94.16,109.4,22.87279167,21.74519444,22.04336111,20.6355,22.72286111,21.79212963,22.17425926,20.63176389,21.80727976,20.85692857,21.24927778,19.8816131
2025-08-02,1BV,1,B,Vegetated,77,547,7.75,878,439,21.03,94.19,107.8,22.87279167,21.74519444,21.92575,20.31413889,22.72286111,21.79212963,22.08488889,20.45721296,21.80727976,20.85692857,21.19525397,19.56047222
2025-08-02,1CO,1,C,Open,58,446,7.75,879,439,20.74,94.08,110.8,22.87279167,21.74519444,22.04336111,20.6355,22.72286111,21.79212963,22.17425926,20.63176389,21.80727976,20.85692857,21.24927778,19.8816131
2025-08-02,1CV,1,C,Vegetated,72,419,7.82,876,438,20.74,94.07,108.5,22.87279167,21.74519444,21.92575,20.31413889,22.72286111,21.79212963,22.08488889,20.45721296,21.80727976,20.85692857,21.19525397,19.56047222
2025-08-02,2AO,2,A,Open,66,818,7.7,879,439,22.52,94.15,120.5,22.87279167,21.74519444,22.04336111,20.6355,22.72286111,21.79212963,22.17425926,20.63176389,21.80727976,20.85692857,21.24927778,19.8816131
2025-08-02,2AV,2,A,Vegetated,43,923,7.66,872,436,22.61,94.18,111.2,22.87279167,21.74519444,21.92575,20.31413889,22.72286111,21.79212963,22.08488889,20.45721296,21.80727976,20.85692857,21.19525397,19.56047222
2025-08-02,2BO,2,B,Open,64,738,7.66,879,439,22.31,94.55,118.4,22.87279167,21.74519444,22.04336111,20.6355,22.72286111,21.79212963,22.17425926,20.63176389,21.80727976,20.85692857,21.24927778,19.8816131
2025-08-02,2BV,2,B,Vegetated,37,739,7.6,869,434,22.66,94.57,106.7,22.87279167,21.74519444,21.92575,20.31413889,22.72286111,21.79212963,22.08488889,20.45721296,21.80727976,20.85692857,21.19525397,19.56047222
2025-08-02,2CO,2,C,Open,68,773,7.59,882,441,22.02,94.1,115.2,22.87279167,21.74519444,22.04336111,20.6355,22.72286111,21.79212963,22.17425926,20.63176389,21.80727976,20.85692857,21.24927778,19.8816131
2025-08-02,2CV,2,C,Vegetated,47,1040,7.63,885,442,22.19,94.09,108.2,22.87279167,21.74519444,21.92575,20.31413889,22.72286111,21.79212963,22.08488889,20.45721296,21.80727976,20.85692857,21.19525397,19.56047222
2025-08-02,3AO,3,A,Open,82,597,7.69,875,438,22.19,94.12,121.7,22.87279167,21.74519444,22.04336111,20.6355,22.72286111,21.79212963,22.17425926,20.63176389,21.80727976,20.85692857,21.24927778,19.8816131
2025-08-02,3AV,3,A,Vegetated,69,527,7.35,853,426,22.19,94.11,118.4,22.87279167,21.74519444,21.92575,20.31413889,22.72286111,21.79212963,22.08488889,20.45721296,21.80727976,20.85692857,21.19525397,19.56047222
2025-08-02,3BO,3,B,Open,82,759,7.46,879,439,22.32,94.13,108.7,22.87279167,21.74519444,22.04336111,20.6355,22.72286111,21.79212963,22.17425926,20.63176389,21.80727976,20.85692857,21.24927778,19.8816131
2025-08-02,3BV,3,B,Vegetated,77,1070,7.47,852,441,22.4,94.09,107.3,22.87279167,21.74519444,21.92575,20.31413889,22.72286111,21.79212963,22.08488889,20.45721296,21.80727976,20.85692857,21.19525397,19.56047222
2025-08-02,3CO,3,C,Open,84,890,7.34,877,439,22.36,94.19,119.1,22.87279167,21.74519444,22.04336111,20.6355,22.72286111,21.79212963,22.17425926,20.63176389,21.80727976,20.85692857,21.24927778,19.8816131
2025-08-02,3CV,3,C,Vegetated,46,875,7.43,886,443,23.1,94.2,98.8,22.87279167,21.74519444,21.92575,20.31413889,22.72286111,21.79212963,22.08488889,20.45721296,21.80727976,20.85692857,21.19525397,19.56047222
2025-08-09,2AO,2,A,Open,NA,409,8.43,888,444,17.87,93.12,105.3,17.964375,18.27516667,18.29630556,17.989875,19.22645833,19.16065741,19.36793519,18.58568056,19.28951786,19.45378175,19.73683333,18.90631548
2025-08-09,2AV,2,A,Vegetated,NA,341,8.46,881,440,17.84,93.1,103.4,17.964375,18.27516667,18.30686111,17.72019444,19.22645833,19.16065741,19.31346296,18.43196296,19.28951786,19.45378175,19.60850794,18.54160317
2025-08-09,2BO,2,B,Open,NA,437,8.21,889,444,17.72,93.04,100.5,17.964375,18.27516667,18.29630556,17.989875,19.22645833,19.16065741,19.36793519,18.58568056,19.28951786,19.45378175,19.73683333,18.90631548
2025-08-09,2BV,2,B,Vegetated,NA,382,8.49,888,444,17.59,93.05,98,17.964375,18.27516667,18.30686111,17.72019444,19.22645833,19.16065741,19.31346296,18.43196296,19.28951786,19.45378175,19.60850794,18.54160317
2025-08-09,2CO,2,C,Open,NA,470,8.39,890,445,17.62,92.98,102.6,17.964375,18.27516667,18.29630556,17.989875,19.22645833,19.16065741,19.36793519,18.58568056,19.28951786,19.45378175,19.73683333,18.90631548
2025-08-09,2CV,2,C,Vegetated,NA,473,8.36,891,446,17.83,92.97,101,17.964375,18.27516667,18.30686111,17.72019444,19.22645833,19.16065741,19.31346296,18.43196296,19.28951786,19.45378175,19.60850794,18.54160317
2025-08-10,1AO,1,A,Open,NA,215,8.45,886,443,17.6,93.49,101.3,17.1575,17.80483333,17.87352778,17.49816667,17.81747222,18.45225,18.51881481,18.12188889,18.62875595,18.89729762,19.15999206,18.43380357
2025-08-10,1AV,1,A,Vegetated,NA,291,8.44,887,443,17.61,93.46,101.1,17.1575,17.80483333,17.88669444,17.22588889,17.81747222,18.45225,18.50180556,17.93069444,18.62875595,18.89729762,19.03994841,18.03990079
2025-08-10,1BO,1,B,Open,NA,239,8.45,887,443,17.44,93.4,100.4,17.1575,17.80483333,17.87352778,17.49816667,17.81747222,18.45225,18.51881481,18.12188889,18.62875595,18.89729762,19.15999206,18.43380357
2025-08-10,1BV,1,B,Vegetated,NA,374,8.46,886,443,17.63,93.39,98.7,17.1575,17.80483333,17.88669444,17.22588889,17.81747222,18.45225,18.50180556,17.93069444,18.62875595,18.89729762,19.03994841,18.03990079
2025-08-10,1CO,1,C,Open,NA,242,8.44,887,444,17.33,93.26,99.7,17.1575,17.80483333,17.87352778,17.49816667,17.81747222,18.45225,18.51881481,18.12188889,18.62875595,18.89729762,19.15999206,18.43380357
2025-08-10,1CV,1,C,Vegetated,NA,294,8.45,886,443,17.31,93.26,95.4,17.1575,17.80483333,17.88669444,17.22588889,17.81747222,18.45225,18.50180556,17.93069444,18.62875595,18.89729762,19.03994841,18.03990079
2025-08-10,3AO,3,A,Open,NA,294,8.42,889,445,17.39,93.19,98.3,17.1575,17.80483333,17.87352778,17.49816667,17.81747222,18.45225,18.51881481,18.12188889,18.62875595,18.89729762,19.15999206,18.43380357
2025-08-10,3AV,3,A,Vegetated,NA,413,8.41,888,444,17.34,93.22,97.5,17.1575,17.80483333,17.88669444,17.22588889,17.81747222,18.45225,18.50180556,17.93069444,18.62875595,18.89729762,19.03994841,18.03990079
2025-08-10,3BO,3,B,Open,NA,247,8.42,887,444,17.35,93.2,98.5,17.1575,17.80483333,17.87352778,17.49816667,17.81747222,18.45225,18.51881481,18.12188889,18.62875595,18.89729762,19.15999206,18.43380357
2025-08-10,3BV,3,B,Vegetated,NA,377,8.44,887,444,17.36,93.15,94.5,17.1575,17.80483333,17.88669444,17.22588889,17.81747222,18.45225,18.50180556,17.93069444,18.62875595,18.89729762,19.03994841,18.03990079
2025-08-10,3CO,3,C,Open,NA,247,8.44,889,444,17.38,93.03,100.6,17.1575,17.80483333,17.87352778,17.49816667,17.81747222,18.45225,18.51881481,18.12188889,18.62875595,18.89729762,19.15999206,18.43380357
2025-08-10,3CV,3,C,Vegetated,NA,311,8.44,887,443,17.36,93.03,92.5,17.1575,17.80483333,17.88669444,17.22588889,17.81747222,18.45225,18.50180556,17.93069444,18.62875595,18.89729762,19.03994841,18.03990079
2025-08-13,1AO,1,A,Open,86,304,8.48,882,441,17.35,93.9,109.7,16.88941667,17.26027778,17.53536111,16.77229167,16.65454167,17.337,17.45942593,16.98790278,17.82864286,18.18540079,18.33651587,17.74555952
2025-08-13,1AV,1,A,Vegetated,57,433,8.48,879,440,17.47,93.9,110.3,16.88941667,17.26027778,17.42877778,16.35541667,16.65454167,17.337,17.34636111,16.68542593,17.82864286,18.18540079,18.26659524,17.51115079
2025-08-13,1BO,1,B,Open,88,338,8.47,882,441,17.33,93.82,111.5,16.88941667,17.26027778,17.53536111,16.77229167,16.65454167,17.337,17.45942593,16.98790278,17.82864286,18.18540079,18.33651587,17.74555952
2025-08-13,1BV,1,B,Vegetated,79,462,8.47,881,440,17.51,93.85,112.3,16.88941667,17.26027778,17.42877778,16.35541667,16.65454167,17.337,17.34636111,16.68542593,17.82864286,18.18540079,18.26659524,17.51115079
2025-08-13,1CO,1,C,Open,77,298,8.47,881,441,17.33,93.77,110.9,16.88941667,17.26027778,17.53536111,16.77229167,16.65454167,17.337,17.45942593,16.98790278,17.82864286,18.18540079,18.33651587,17.74555952
2025-08-13,1CV,1,C,Vegetated,56,439,8.47,881,440,17.55,93.78,110.3,16.88941667,17.26027778,17.42877778,16.35541667,16.65454167,17.337,17.34636111,16.68542593,17.82864286,18.18540079,18.26659524,17.51115079
2025-08-13,3AO,3,A,Open,95,337,8.45,875,437,17.33,93.9,105.6,16.88941667,17.26027778,17.53536111,16.77229167,16.65454167,17.337,17.45942593,16.98790278,17.82864286,18.18540079,18.33651587,17.74555952
2025-08-13,3AV,3,A,Vegetated,56,424,8.45,888,444,17.88,93.92,104.2,16.88941667,17.26027778,17.42877778,16.35541667,16.65454167,17.337,17.34636111,16.68542593,17.82864286,18.18540079,18.26659524,17.51115079
2025-08-13,3BO,3,B,Open,81,327,8.46,886,443,17.41,93.99,104.8,16.88941667,17.26027778,17.53536111,16.77229167,16.65454167,17.337,17.45942593,16.98790278,17.82864286,18.18540079,18.33651587,17.74555952
2025-08-13,3BV,3,B,Vegetated,74,610,8.42,883,441,17.37,93.97,106.3,16.88941667,17.26027778,17.42877778,16.35541667,16.65454167,17.337,17.34636111,16.68542593,17.82864286,18.18540079,18.26659524,17.51115079
2025-08-13,3CO,3,C,Open,89,NA,8.44,889,445,17.75,93.95,102.8,16.88941667,17.26027778,17.53536111,16.77229167,16.65454167,17.337,17.45942593,16.98790278,17.82864286,18.18540079,18.33651587,17.74555952
2025-08-13,3CV,3,C,Vegetated,58,424,8.44,891,446,17.69,93.95,102.4,16.88941667,17.26027778,17.42877778,16.35541667,16.65454167,17.337,17.34636111,16.68542593,17.82864286,18.18540079,18.26659524,17.51115079
2025-08-14,2AO,2,A,Open,75,346,8.47,882,441,17.52,93.26,103.8,17.43283333,17.53766667,17.352,17.23616667,16.82354167,17.32722222,17.37811111,16.96531944,17.264125,17.84363095,17.89810317,17.5093631
2025-08-14,2AV,2,A,Vegetated,58,596,8.47,889,445,17.15,93.25,104.8,17.43283333,17.53766667,17.7835,16.24102778,16.82354167,17.32722222,17.41771296,16.39587963,17.264125,17.84363095,17.904,17.15562698
2025-08-14,2BO,2,B,Open,75,597,8.39,896,448,17.49,93.23,107.8,17.43283333,17.53766667,17.352,17.23616667,16.82354167,17.32722222,17.37811111,16.96531944,17.264125,17.84363095,17.89810317,17.5093631
2025-08-14,2BV,2,B,Vegetated,46,464,8.47,884,442,17.6,93.24,109.9,17.43283333,17.53766667,17.7835,16.24102778,16.82354167,17.32722222,17.41771296,16.39587963,17.264125,17.84363095,17.904,17.15562698
2025-08-14,2CO,2,C,Open,76,493,8.47,886,443,17.78,93.47,99.3,17.43283333,17.53766667,17.352,17.23616667,16.82354167,17.32722222,17.37811111,16.96531944,17.264125,17.84363095,17.89810317,17.5093631
2025-08-14,2CV,2,C,Vegetated,54,499,8.45,891,445,17.67,93.5,104.4,17.43283333,17.53766667,17.7835,16.24102778,16.82354167,17.32722222,17.41771296,16.39587963,17.264125,17.84363095,17.904,17.15562698
2025-08-17,1AO,1,A,Open,79,493,8.46,888,444,16.06,92.67,101.1,15.02720833,16.40336111,16.26297222,16.37166667,16.07259722,16.96577778,16.85623148,16.84105556,16.51632143,17.20657143,17.18556746,16.96043452
2025-08-17,1AV,1,A,Vegetated,55,468,8.45,887,443,16.04,92.89,101.9,15.02720833,16.40336111,16.22863889,15.93180556,16.07259722,16.96577778,16.97173148,16.29352778,16.51632143,17.20657143,17.24825397,16.45398413
2025-08-17,1BO,1,B,Open,74,93.8,8.32,890,445,15.97,92.63,98.3,15.02720833,16.40336111,16.26297222,16.37166667,16.07259722,16.96577778,16.85623148,16.84105556,16.51632143,17.20657143,17.18556746,16.96043452
2025-08-17,1BV,1,B,Vegetated,41,821,8.43,886,443,16.08,92.61,101.1,15.02720833,16.40336111,16.22863889,15.93180556,16.07259722,16.96577778,16.97173148,16.29352778,16.51632143,17.20657143,17.24825397,16.45398413
2025-08-17,1CO,1,C,Open,81,517,8.43,886,443,16.1,92.58,99,15.02720833,16.40336111,16.26297222,16.37166667,16.07259722,16.96577778,16.85623148,16.84105556,16.51632143,17.20657143,17.18556746,16.96043452
2025-08-17,1CV,1,C,Vegetated,74,714,8.42,887,443,16.09,92.57,98.5,15.02720833,16.40336111,16.22863889,15.93180556,16.07259722,16.96577778,16.97173148,16.29352778,16.51632143,17.20657143,17.24825397,16.45398413
2025-08-17,2AO,2,A,Open,64,391,8.45,885,442,16.15,92.72,102.2,15.02720833,16.40336111,16.26297222,16.37166667,16.07259722,16.96577778,16.85623148,16.84105556,16.51632143,17.20657143,17.18556746,16.96043452
2025-08-17,2AV,2,A,Vegetated,45,594,8.57,869,434,16.08,92.72,124.2,15.02720833,16.40336111,16.22863889,15.93180556,16.07259722,16.96577778,16.97173148,16.29352778,16.51632143,17.20657143,17.24825397,16.45398413
2025-08-17,2BO,2,B,Open,74,386,8.32,885,442,16.1,92.74,101.4,15.02720833,16.40336111,16.26297222,16.37166667,16.07259722,16.96577778,16.85623148,16.84105556,16.51632143,17.20657143,17.18556746,16.96043452
2025-08-17,2BV,2,B,Vegetated,48,657,8.43,884,442,16,92.77,99.9,15.02720833,16.40336111,16.22863889,15.93180556,16.07259722,16.96577778,16.97173148,16.29352778,16.51632143,17.20657143,17.24825397,16.45398413
2025-08-17,2CO,2,C,Open,80,454,8.39,887,444,16.03,92.65,93.7,15.02720833,16.40336111,16.26297222,16.37166667,16.07259722,16.96577778,16.85623148,16.84105556,16.51632143,17.20657143,17.18556746,16.96043452
2025-08-17,2CV,2,C,Vegetated,57,413,8.44,886,443,16.05,92.67,97.7,15.02720833,16.40336111,16.22863889,15.93180556,16.07259722,16.96577778,16.97173148,16.29352778,16.51632143,17.20657143,17.24825397,16.45398413
2025-08-18,3AO,3,A,Open,95,417,8.41,889,444,15.94,93.24,98.9,14.8312381,15.91658065,15.965,15.62314286,15.28280159,16.3927954,16.30214815,16.26499206,16.21709354,16.97079724,16.9525754,16.72032398
2025-08-18,3AV,3,A,Vegetated,59,189,8.42,889,444,15.92,93.25,98.8,14.8312381,15.91658065,15.93536364,15.16581818,15.28280159,16.3927954,16.31961195,15.82830051,16.21709354,16.97079724,17.01481385,16.17629149
2025-08-18,3BO,3,B,Open,88,458,8.45,892,446,16.19,93.56,100.9,14.8312381,15.91658065,15.965,15.62314286,15.28280159,16.3927954,16.30214815,16.26499206,16.21709354,16.97079724,16.9525754,16.72032398
2025-08-18,3BV,3,B,Vegetated,66,606,8.44,890,445,16.21,93.58,98.5,14.8312381,15.91658065,15.93536364,15.16581818,15.28280159,16.3927954,16.31961195,15.82830051,16.21709354,16.97079724,17.01481385,16.17629149
2025-08-18,3CO,3,C,Open,86,190,8.4,889,445,16.07,93.73,98.3,14.8312381,15.91658065,15.965,15.62314286,15.28280159,16.3927954,16.30214815,16.26499206,16.21709354,16.97079724,16.9525754,16.72032398
2025-08-18,3CV,3,C,Vegetated,47,483,8.38,892,446,16.02,93.37,99.6,14.8312381,15.91658065,15.93536364,15.16581818,15.28280159,16.3927954,16.31961195,15.82830051,16.21709354,16.97079724,17.01481385,16.17629149